Tool,Category,Patch,CodeLine,GitHubLink
sGuard,bad_randomness,lucky_doubler,require(!locked_);,https://github.com/ASSERT-KTH/RepairComp/blob/main/results/smartbugs/sGuard/bad_randomness/lucky_doubler/lucky_doubler.diff
sGuard,reentrancy,reentrancy_cross_function,require(!locked_);,https://github.com/ASSERT-KTH/RepairComp/blob/main/results/smartbugs/sGuard/reentrancy/reentrancy_cross_function/reentrancy_cross_function.diff
sGuard,reentrancy,0x93c32845fae42c83a70e5f06214c8433665c2ab5,require(!locked_);,https://github.com/ASSERT-KTH/RepairComp/blob/main/results/smartbugs/sGuard/reentrancy/0x93c32845fae42c83a70e5f06214c8433665c2ab5/0x93c32845fae42c83a70e5f06214c8433665c2ab5.diff
sGuard,reentrancy,reentrance,require(!locked_);,https://github.com/ASSERT-KTH/RepairComp/blob/main/results/smartbugs/sGuard/reentrancy/reentrance/reentrance.diff
sGuard,reentrancy,reentrancy_bonus,require(!locked_);,https://github.com/ASSERT-KTH/RepairComp/blob/main/results/smartbugs/sGuard/reentrancy/reentrancy_bonus/reentrancy_bonus.diff
sGuard,reentrancy,reentrancy_dao,require(!locked_);,https://github.com/ASSERT-KTH/RepairComp/blob/main/results/smartbugs/sGuard/reentrancy/reentrancy_dao/reentrancy_dao.diff
sGuard,reentrancy,0x01f8c4e3fa3edeb29e514cba738d87ce8c091d3f,require(!locked_);,https://github.com/ASSERT-KTH/RepairComp/blob/main/results/smartbugs/sGuard/reentrancy/0x01f8c4e3fa3edeb29e514cba738d87ce8c091d3f/0x01f8c4e3fa3edeb29e514cba738d87ce8c091d3f.diff
sGuard,reentrancy,reentrancy_insecure,require(!locked_);,https://github.com/ASSERT-KTH/RepairComp/blob/main/results/smartbugs/sGuard/reentrancy/reentrancy_insecure/reentrancy_insecure.diff
sGuard,reentrancy,0x96edbe868531bd23a6c05e9d0c424ea64fb1b78b,require(!locked_);,https://github.com/ASSERT-KTH/RepairComp/blob/main/results/smartbugs/sGuard/reentrancy/0x96edbe868531bd23a6c05e9d0c424ea64fb1b78b/0x96edbe868531bd23a6c05e9d0c424ea64fb1b78b.diff
sGuard,reentrancy,0xbe4041d55db380c5ae9d4a9b9703f1ed4e7e3888,require(!locked_);,https://github.com/ASSERT-KTH/RepairComp/blob/main/results/smartbugs/sGuard/reentrancy/0xbe4041d55db380c5ae9d4a9b9703f1ed4e7e3888/0xbe4041d55db380c5ae9d4a9b9703f1ed4e7e3888.diff
sGuard,reentrancy,0x4320e6f8c05b27ab4707cd1f6d5ce6f3e4b3a5a1,require(!locked_);,https://github.com/ASSERT-KTH/RepairComp/blob/main/results/smartbugs/sGuard/reentrancy/0x4320e6f8c05b27ab4707cd1f6d5ce6f3e4b3a5a1/0x4320e6f8c05b27ab4707cd1f6d5ce6f3e4b3a5a1.diff
sGuard,reentrancy,simple_dao,require(!locked_);,https://github.com/ASSERT-KTH/RepairComp/blob/main/results/smartbugs/sGuard/reentrancy/simple_dao/simple_dao.diff
sGuard,reentrancy,0x561eac93c92360949ab1f1403323e6db345cbf31,require(!locked_);,https://github.com/ASSERT-KTH/RepairComp/blob/main/results/smartbugs/sGuard/reentrancy/0x561eac93c92360949ab1f1403323e6db345cbf31/0x561eac93c92360949ab1f1403323e6db345cbf31.diff
sGuard,reentrancy,etherstore,require(!locked_);,https://github.com/ASSERT-KTH/RepairComp/blob/main/results/smartbugs/sGuard/reentrancy/etherstore/etherstore.diff
sGuard,reentrancy,0x7541b76cb60f4c60af330c208b0623b7f54bf615,require(!locked_);,https://github.com/ASSERT-KTH/RepairComp/blob/main/results/smartbugs/sGuard/reentrancy/0x7541b76cb60f4c60af330c208b0623b7f54bf615/0x7541b76cb60f4c60af330c208b0623b7f54bf615.diff
sGuard,reentrancy,reentrancy_simple,require(!locked_);,https://github.com/ASSERT-KTH/RepairComp/blob/main/results/smartbugs/sGuard/reentrancy/reentrancy_simple/reentrancy_simple.diff
sGuard,reentrancy,0x941d225236464a25eb18076df7da6a91d0f95e9e,require(!locked_);,https://github.com/ASSERT-KTH/RepairComp/blob/main/results/smartbugs/sGuard/reentrancy/0x941d225236464a25eb18076df7da6a91d0f95e9e/0x941d225236464a25eb18076df7da6a91d0f95e9e.diff
sGuard,reentrancy,0xb93430ce38ac4a6bb47fb1fc085ea669353fd89e,require(!locked_);,https://github.com/ASSERT-KTH/RepairComp/blob/main/results/smartbugs/sGuard/reentrancy/0xb93430ce38ac4a6bb47fb1fc085ea669353fd89e/0xb93430ce38ac4a6bb47fb1fc085ea669353fd89e.diff
sGuard,reentrancy,0xbaf51e761510c1a11bf48dd87c0307ac8a8c8a4f,require(!locked_);,https://github.com/ASSERT-KTH/RepairComp/blob/main/results/smartbugs/sGuard/reentrancy/0xbaf51e761510c1a11bf48dd87c0307ac8a8c8a4f/0xbaf51e761510c1a11bf48dd87c0307ac8a8c8a4f.diff
sGuard,reentrancy,0x627fa62ccbb1c1b04ffaecd72a53e37fc0e17839,require(!locked_);,https://github.com/ASSERT-KTH/RepairComp/blob/main/results/smartbugs/sGuard/reentrancy/0x627fa62ccbb1c1b04ffaecd72a53e37fc0e17839/0x627fa62ccbb1c1b04ffaecd72a53e37fc0e17839.diff
sGuard,reentrancy,spank_chain_payment,require(!locked_);,https://github.com/ASSERT-KTH/RepairComp/blob/main/results/smartbugs/sGuard/reentrancy/spank_chain_payment/spank_chain_payment.diff
sGuard,reentrancy,0xaae1f51cf3339f18b6d3f3bdc75a5facd744b0b8,require(!locked_);,https://github.com/ASSERT-KTH/RepairComp/blob/main/results/smartbugs/sGuard/reentrancy/0xaae1f51cf3339f18b6d3f3bdc75a5facd744b0b8/0xaae1f51cf3339f18b6d3f3bdc75a5facd744b0b8.diff
sGuard,reentrancy,0xcead721ef5b11f1a7b530171aab69b16c5e66b6e,require(!locked_);,https://github.com/ASSERT-KTH/RepairComp/blob/main/results/smartbugs/sGuard/reentrancy/0xcead721ef5b11f1a7b530171aab69b16c5e66b6e/0xcead721ef5b11f1a7b530171aab69b16c5e66b6e.diff
sGuard,reentrancy,0x7b368c4e805c3870b6c49a3f1f49f69af8662cf3,require(!locked_);,https://github.com/ASSERT-KTH/RepairComp/blob/main/results/smartbugs/sGuard/reentrancy/0x7b368c4e805c3870b6c49a3f1f49f69af8662cf3/0x7b368c4e805c3870b6c49a3f1f49f69af8662cf3.diff
sGuard,reentrancy,0x23a91059fdc9579a9fbd0edc5f2ea0bfdb70deb4,require(!locked_);,https://github.com/ASSERT-KTH/RepairComp/blob/main/results/smartbugs/sGuard/reentrancy/0x23a91059fdc9579a9fbd0edc5f2ea0bfdb70deb4/0x23a91059fdc9579a9fbd0edc5f2ea0bfdb70deb4.diff
sGuard,reentrancy,0x7a8721a9d64c74da899424c1b52acbf58ddc9782,require(!locked_);,https://github.com/ASSERT-KTH/RepairComp/blob/main/results/smartbugs/sGuard/reentrancy/0x7a8721a9d64c74da899424c1b52acbf58ddc9782/0x7a8721a9d64c74da899424c1b52acbf58ddc9782.diff
sGuard,reentrancy,0xf015c35649c82f5467c9c74b7f28ee67665aad68,require(!locked_);,https://github.com/ASSERT-KTH/RepairComp/blob/main/results/smartbugs/sGuard/reentrancy/0xf015c35649c82f5467c9c74b7f28ee67665aad68/0xf015c35649c82f5467c9c74b7f28ee67665aad68.diff
sGuard,reentrancy,etherbank,require(!locked_);,https://github.com/ASSERT-KTH/RepairComp/blob/main/results/smartbugs/sGuard/reentrancy/etherbank/etherbank.diff
sGuard,reentrancy,0xb5e1b1ee15c6fa0e48fce100125569d430f1bd12,require(!locked_);,https://github.com/ASSERT-KTH/RepairComp/blob/main/results/smartbugs/sGuard/reentrancy/0xb5e1b1ee15c6fa0e48fce100125569d430f1bd12/0xb5e1b1ee15c6fa0e48fce100125569d430f1bd12.diff
sGuard,reentrancy,0x8c7777c45481dba411450c228cb692ac3d550344,require(!locked_);,https://github.com/ASSERT-KTH/RepairComp/blob/main/results/smartbugs/sGuard/reentrancy/0x8c7777c45481dba411450c228cb692ac3d550344/0x8c7777c45481dba411450c228cb692ac3d550344.diff
sGuard,reentrancy,modifier_reentrancy,require(!locked_);,https://github.com/ASSERT-KTH/RepairComp/blob/main/results/smartbugs/sGuard/reentrancy/modifier_reentrancy/modifier_reentrancy.diff
sGuard,reentrancy,0x4e73b32ed6c35f570686b89848e5f39f20ecc106,require(!locked_);,https://github.com/ASSERT-KTH/RepairComp/blob/main/results/smartbugs/sGuard/reentrancy/0x4e73b32ed6c35f570686b89848e5f39f20ecc106/0x4e73b32ed6c35f570686b89848e5f39f20ecc106.diff
sGuard,unchecked_low_level_calls,0x9d06cbafa865037a01d322d3f4222fa3e04e5488,require(active > 0);,https://github.com/ASSERT-KTH/RepairComp/blob/main/results/smartbugs/sGuard/unchecked_low_level_calls/0x9d06cbafa865037a01d322d3f4222fa3e04e5488/0x9d06cbafa865037a01d322d3f4222fa3e04e5488.diff
sGuard,unchecked_low_level_calls,etherpot_lotto,require(!locked_);,https://github.com/ASSERT-KTH/RepairComp/blob/main/results/smartbugs/sGuard/unchecked_low_level_calls/etherpot_lotto/etherpot_lotto.diff
sGuard,unchecked_low_level_calls,0xb7c5c5aa4d42967efe906e1b66cb8df9cebf04f7,require(!locked_);,https://github.com/ASSERT-KTH/RepairComp/blob/main/results/smartbugs/sGuard/unchecked_low_level_calls/0xb7c5c5aa4d42967efe906e1b66cb8df9cebf04f7/0xb7c5c5aa4d42967efe906e1b66cb8df9cebf04f7.diff
sGuard,unchecked_low_level_calls,0x89c1b3807d4c67df034fffb62f3509561218d30b,require(!locked_);,https://github.com/ASSERT-KTH/RepairComp/blob/main/results/smartbugs/sGuard/unchecked_low_level_calls/0x89c1b3807d4c67df034fffb62f3509561218d30b/0x89c1b3807d4c67df034fffb62f3509561218d30b.diff
sGuard,unchecked_low_level_calls,0x627fa62ccbb1c1b04ffaecd72a53e37fc0e17839,require(!locked_);,https://github.com/ASSERT-KTH/RepairComp/blob/main/results/smartbugs/sGuard/unchecked_low_level_calls/0x627fa62ccbb1c1b04ffaecd72a53e37fc0e17839/0x627fa62ccbb1c1b04ffaecd72a53e37fc0e17839.diff
sGuard,unchecked_low_level_calls,lotto,require(!locked_);,https://github.com/ASSERT-KTH/RepairComp/blob/main/results/smartbugs/sGuard/unchecked_low_level_calls/lotto/lotto.diff
sGuard,other,crypto_roulette,require(!locked_);,https://github.com/ASSERT-KTH/RepairComp/blob/main/results/smartbugs/sGuard/other/crypto_roulette/crypto_roulette.diff
sGuard,denial_of_service,auction,require(!locked_);,https://github.com/ASSERT-KTH/RepairComp/blob/main/results/smartbugs/sGuard/denial_of_service/auction/auction.diff
sGuard,front_running,eth_tx_order_dependence_minimal,require(!locked_);,https://github.com/ASSERT-KTH/RepairComp/blob/main/results/smartbugs/sGuard/front_running/eth_tx_order_dependence_minimal/eth_tx_order_dependence_minimal.diff
sGuard,front_running,odds_and_evens,require(!locked_);,https://github.com/ASSERT-KTH/RepairComp/blob/main/results/smartbugs/sGuard/front_running/odds_and_evens/odds_and_evens.diff
sGuard,access_control,wallet_04_confused_sign,require(!locked_);,https://github.com/ASSERT-KTH/RepairComp/blob/main/results/smartbugs/sGuard/access_control/wallet_04_confused_sign/wallet_04_confused_sign.diff
sGuard,access_control,wallet_02_refund_nosub,require(!locked_);,https://github.com/ASSERT-KTH/RepairComp/blob/main/results/smartbugs/sGuard/access_control/wallet_02_refund_nosub/wallet_02_refund_nosub.diff
sGuard,access_control,wallet_03_wrong_constructor,require(!locked_);,https://github.com/ASSERT-KTH/RepairComp/blob/main/results/smartbugs/sGuard/access_control/wallet_03_wrong_constructor/wallet_03_wrong_constructor.diff
sGuard,access_control,phishable,require(msg.sender == owner);,https://github.com/ASSERT-KTH/RepairComp/blob/main/results/smartbugs/sGuard/access_control/phishable/phishable.diff
sGuard,access_control,mycontract,require(msg.sender == owner);,https://github.com/ASSERT-KTH/RepairComp/blob/main/results/smartbugs/sGuard/access_control/mycontract/mycontract.diff
sGuard,arithmetic,tokensalechallenge,"require(msg.value == mul_uint256(numTokens, PRICE_PER_TOKEN));",https://github.com/ASSERT-KTH/RepairComp/blob/main/results/smartbugs/sGuard/arithmetic/tokensalechallenge/tokensalechallenge.diff
sGuard,time_manipulation,ether_lotto,require(!locked_);,https://github.com/ASSERT-KTH/RepairComp/blob/main/results/smartbugs/sGuard/time_manipulation/ether_lotto/ether_lotto.diff
sGuard,time_manipulation,governmental_survey,require(!locked_);,https://github.com/ASSERT-KTH/RepairComp/blob/main/results/smartbugs/sGuard/time_manipulation/governmental_survey/governmental_survey.diff
sGuardPlus,reentrancy,reentrancy_cross_function,require(!__lock_modifier0_lock);,https://github.com/ASSERT-KTH/RepairComp/blob/main/results/smartbugs/sGuardPlus/reentrancy/reentrancy_cross_function/reentrancy_cross_function.diff
sGuardPlus,reentrancy,0x93c32845fae42c83a70e5f06214c8433665c2ab5,require(!__lock_modifier0_lock);,https://github.com/ASSERT-KTH/RepairComp/blob/main/results/smartbugs/sGuardPlus/reentrancy/0x93c32845fae42c83a70e5f06214c8433665c2ab5/0x93c32845fae42c83a70e5f06214c8433665c2ab5.diff
sGuardPlus,reentrancy,reentrance,require(!__lock_modifier0_lock);,https://github.com/ASSERT-KTH/RepairComp/blob/main/results/smartbugs/sGuardPlus/reentrancy/reentrance/reentrance.diff
sGuardPlus,reentrancy,reentrancy_bonus,require(!__lock_modifier0_lock);,https://github.com/ASSERT-KTH/RepairComp/blob/main/results/smartbugs/sGuardPlus/reentrancy/reentrancy_bonus/reentrancy_bonus.diff
sGuardPlus,reentrancy,reentrancy_dao,require(!__lock_modifier0_lock);,https://github.com/ASSERT-KTH/RepairComp/blob/main/results/smartbugs/sGuardPlus/reentrancy/reentrancy_dao/reentrancy_dao.diff
sGuardPlus,reentrancy,0x01f8c4e3fa3edeb29e514cba738d87ce8c091d3f,require(!__lock_modifier0_lock);,https://github.com/ASSERT-KTH/RepairComp/blob/main/results/smartbugs/sGuardPlus/reentrancy/0x01f8c4e3fa3edeb29e514cba738d87ce8c091d3f/0x01f8c4e3fa3edeb29e514cba738d87ce8c091d3f.diff
sGuardPlus,reentrancy,reentrancy_insecure,require(!__lock_modifier0_lock);,https://github.com/ASSERT-KTH/RepairComp/blob/main/results/smartbugs/sGuardPlus/reentrancy/reentrancy_insecure/reentrancy_insecure.diff
sGuardPlus,reentrancy,0x96edbe868531bd23a6c05e9d0c424ea64fb1b78b,require(!__lock_modifier0_lock);,https://github.com/ASSERT-KTH/RepairComp/blob/main/results/smartbugs/sGuardPlus/reentrancy/0x96edbe868531bd23a6c05e9d0c424ea64fb1b78b/0x96edbe868531bd23a6c05e9d0c424ea64fb1b78b.diff
sGuardPlus,reentrancy,0xbe4041d55db380c5ae9d4a9b9703f1ed4e7e3888,require(!__lock_modifier0_lock);,https://github.com/ASSERT-KTH/RepairComp/blob/main/results/smartbugs/sGuardPlus/reentrancy/0xbe4041d55db380c5ae9d4a9b9703f1ed4e7e3888/0xbe4041d55db380c5ae9d4a9b9703f1ed4e7e3888.diff
sGuardPlus,reentrancy,0x4320e6f8c05b27ab4707cd1f6d5ce6f3e4b3a5a1,require(!__lock_modifier0_lock);,https://github.com/ASSERT-KTH/RepairComp/blob/main/results/smartbugs/sGuardPlus/reentrancy/0x4320e6f8c05b27ab4707cd1f6d5ce6f3e4b3a5a1/0x4320e6f8c05b27ab4707cd1f6d5ce6f3e4b3a5a1.diff
sGuardPlus,reentrancy,simple_dao,require(!__lock_modifier0_lock);,https://github.com/ASSERT-KTH/RepairComp/blob/main/results/smartbugs/sGuardPlus/reentrancy/simple_dao/simple_dao.diff
sGuardPlus,reentrancy,0x561eac93c92360949ab1f1403323e6db345cbf31,require(!__lock_modifier0_lock);,https://github.com/ASSERT-KTH/RepairComp/blob/main/results/smartbugs/sGuardPlus/reentrancy/0x561eac93c92360949ab1f1403323e6db345cbf31/0x561eac93c92360949ab1f1403323e6db345cbf31.diff
sGuardPlus,reentrancy,etherstore,require(balances[msg.sender]>=_weiToWithdraw);,https://github.com/ASSERT-KTH/RepairComp/blob/main/results/smartbugs/sGuardPlus/reentrancy/etherstore/etherstore.diff
sGuardPlus,reentrancy,0x7541b76cb60f4c60af330c208b0623b7f54bf615,require(!__lock_modifier0_lock);,https://github.com/ASSERT-KTH/RepairComp/blob/main/results/smartbugs/sGuardPlus/reentrancy/0x7541b76cb60f4c60af330c208b0623b7f54bf615/0x7541b76cb60f4c60af330c208b0623b7f54bf615.diff
sGuardPlus,reentrancy,reentrancy_simple,require(!__lock_modifier0_lock);,https://github.com/ASSERT-KTH/RepairComp/blob/main/results/smartbugs/sGuardPlus/reentrancy/reentrancy_simple/reentrancy_simple.diff
sGuardPlus,reentrancy,0x941d225236464a25eb18076df7da6a91d0f95e9e,require(!__lock_modifier0_lock);,https://github.com/ASSERT-KTH/RepairComp/blob/main/results/smartbugs/sGuardPlus/reentrancy/0x941d225236464a25eb18076df7da6a91d0f95e9e/0x941d225236464a25eb18076df7da6a91d0f95e9e.diff
sGuardPlus,reentrancy,0xb93430ce38ac4a6bb47fb1fc085ea669353fd89e,require(!__lock_modifier0_lock);,https://github.com/ASSERT-KTH/RepairComp/blob/main/results/smartbugs/sGuardPlus/reentrancy/0xb93430ce38ac4a6bb47fb1fc085ea669353fd89e/0xb93430ce38ac4a6bb47fb1fc085ea669353fd89e.diff
sGuardPlus,reentrancy,0xbaf51e761510c1a11bf48dd87c0307ac8a8c8a4f,require(!__lock_modifier0_lock);,https://github.com/ASSERT-KTH/RepairComp/blob/main/results/smartbugs/sGuardPlus/reentrancy/0xbaf51e761510c1a11bf48dd87c0307ac8a8c8a4f/0xbaf51e761510c1a11bf48dd87c0307ac8a8c8a4f.diff
sGuardPlus,reentrancy,0xaae1f51cf3339f18b6d3f3bdc75a5facd744b0b8,require(!__lock_modifier0_lock);,https://github.com/ASSERT-KTH/RepairComp/blob/main/results/smartbugs/sGuardPlus/reentrancy/0xaae1f51cf3339f18b6d3f3bdc75a5facd744b0b8/0xaae1f51cf3339f18b6d3f3bdc75a5facd744b0b8.diff
sGuardPlus,reentrancy,0xcead721ef5b11f1a7b530171aab69b16c5e66b6e,require(!__lock_modifier0_lock);,https://github.com/ASSERT-KTH/RepairComp/blob/main/results/smartbugs/sGuardPlus/reentrancy/0xcead721ef5b11f1a7b530171aab69b16c5e66b6e/0xcead721ef5b11f1a7b530171aab69b16c5e66b6e.diff
sGuardPlus,reentrancy,0x7b368c4e805c3870b6c49a3f1f49f69af8662cf3,require(!__lock_modifier0_lock);,https://github.com/ASSERT-KTH/RepairComp/blob/main/results/smartbugs/sGuardPlus/reentrancy/0x7b368c4e805c3870b6c49a3f1f49f69af8662cf3/0x7b368c4e805c3870b6c49a3f1f49f69af8662cf3.diff
sGuardPlus,reentrancy,0x23a91059fdc9579a9fbd0edc5f2ea0bfdb70deb4,require(!__lock_modifier0_lock);,https://github.com/ASSERT-KTH/RepairComp/blob/main/results/smartbugs/sGuardPlus/reentrancy/0x23a91059fdc9579a9fbd0edc5f2ea0bfdb70deb4/0x23a91059fdc9579a9fbd0edc5f2ea0bfdb70deb4.diff
sGuardPlus,reentrancy,0x7a8721a9d64c74da899424c1b52acbf58ddc9782,require(!__lock_modifier0_lock);,https://github.com/ASSERT-KTH/RepairComp/blob/main/results/smartbugs/sGuardPlus/reentrancy/0x7a8721a9d64c74da899424c1b52acbf58ddc9782/0x7a8721a9d64c74da899424c1b52acbf58ddc9782.diff
sGuardPlus,reentrancy,0xf015c35649c82f5467c9c74b7f28ee67665aad68,require(!__lock_modifier0_lock);,https://github.com/ASSERT-KTH/RepairComp/blob/main/results/smartbugs/sGuardPlus/reentrancy/0xf015c35649c82f5467c9c74b7f28ee67665aad68/0xf015c35649c82f5467c9c74b7f28ee67665aad68.diff
sGuardPlus,reentrancy,etherbank,require(!__lock_modifier0_lock);,https://github.com/ASSERT-KTH/RepairComp/blob/main/results/smartbugs/sGuardPlus/reentrancy/etherbank/etherbank.diff
sGuardPlus,reentrancy,0xb5e1b1ee15c6fa0e48fce100125569d430f1bd12,require(!__lock_modifier0_lock);,https://github.com/ASSERT-KTH/RepairComp/blob/main/results/smartbugs/sGuardPlus/reentrancy/0xb5e1b1ee15c6fa0e48fce100125569d430f1bd12/0xb5e1b1ee15c6fa0e48fce100125569d430f1bd12.diff
sGuardPlus,reentrancy,0x8c7777c45481dba411450c228cb692ac3d550344,require(!__lock_modifier0_lock);,https://github.com/ASSERT-KTH/RepairComp/blob/main/results/smartbugs/sGuardPlus/reentrancy/0x8c7777c45481dba411450c228cb692ac3d550344/0x8c7777c45481dba411450c228cb692ac3d550344.diff
sGuardPlus,reentrancy,0x4e73b32ed6c35f570686b89848e5f39f20ecc106,require(!__lock_modifier0_lock);,https://github.com/ASSERT-KTH/RepairComp/blob/main/results/smartbugs/sGuardPlus/reentrancy/0x4e73b32ed6c35f570686b89848e5f39f20ecc106/0x4e73b32ed6c35f570686b89848e5f39f20ecc106.diff
sGuardPlus,unchecked_low_level_calls,0x3e013fc32a54c4c5b6991ba539dcd0ec4355c859,require(msg.sender==Owner);,https://github.com/ASSERT-KTH/RepairComp/blob/main/results/smartbugs/sGuardPlus/unchecked_low_level_calls/0x3e013fc32a54c4c5b6991ba539dcd0ec4355c859/0x3e013fc32a54c4c5b6991ba539dcd0ec4355c859.diff
sGuardPlus,unchecked_low_level_calls,0xdb1c55f6926e7d847ddf8678905ad871a68199d2,require(msg.sender==Owner);,https://github.com/ASSERT-KTH/RepairComp/blob/main/results/smartbugs/sGuardPlus/unchecked_low_level_calls/0xdb1c55f6926e7d847ddf8678905ad871a68199d2/0xdb1c55f6926e7d847ddf8678905ad871a68199d2.diff
sGuardPlus,unchecked_low_level_calls,0xbaa3de6504690efb064420d89e871c27065cdd52,require(__sent_result100);,https://github.com/ASSERT-KTH/RepairComp/blob/main/results/smartbugs/sGuardPlus/unchecked_low_level_calls/0xbaa3de6504690efb064420d89e871c27065cdd52/0xbaa3de6504690efb064420d89e871c27065cdd52.diff
sGuardPlus,unchecked_low_level_calls,0x78c2a1e91b52bca4130b6ed9edd9fbcfd4671c37,require(msg.sender==Owner);,https://github.com/ASSERT-KTH/RepairComp/blob/main/results/smartbugs/sGuardPlus/unchecked_low_level_calls/0x78c2a1e91b52bca4130b6ed9edd9fbcfd4671c37/0x78c2a1e91b52bca4130b6ed9edd9fbcfd4671c37.diff
sGuardPlus,unchecked_low_level_calls,0x610495793564aed0f9c7fc48dc4c7c9151d34fd6,require(msg.sender==owner);,https://github.com/ASSERT-KTH/RepairComp/blob/main/results/smartbugs/sGuardPlus/unchecked_low_level_calls/0x610495793564aed0f9c7fc48dc4c7c9151d34fd6/0x610495793564aed0f9c7fc48dc4c7c9151d34fd6.diff
sGuardPlus,unchecked_low_level_calls,mishandled,require(__sent_result100);,https://github.com/ASSERT-KTH/RepairComp/blob/main/results/smartbugs/sGuardPlus/unchecked_low_level_calls/mishandled/mishandled.diff
sGuardPlus,unchecked_low_level_calls,unchecked_return_value,require(callee.call());,https://github.com/ASSERT-KTH/RepairComp/blob/main/results/smartbugs/sGuardPlus/unchecked_low_level_calls/unchecked_return_value/unchecked_return_value.diff
sGuardPlus,unchecked_low_level_calls,0x806a6bd219f162442d992bdc4ee6eba1f2c5a707,require(msg.sender==Owner);,https://github.com/ASSERT-KTH/RepairComp/blob/main/results/smartbugs/sGuardPlus/unchecked_low_level_calls/0x806a6bd219f162442d992bdc4ee6eba1f2c5a707/0x806a6bd219f162442d992bdc4ee6eba1f2c5a707.diff
sGuardPlus,unchecked_low_level_calls,0xbebbfe5b549f5db6e6c78ca97cac19d1fb03082c,require(__sent_result100);,https://github.com/ASSERT-KTH/RepairComp/blob/main/results/smartbugs/sGuardPlus/unchecked_low_level_calls/0xbebbfe5b549f5db6e6c78ca97cac19d1fb03082c/0xbebbfe5b549f5db6e6c78ca97cac19d1fb03082c.diff
sGuardPlus,unchecked_low_level_calls,0xe82f0742a71a02b9e9ffc142fdcb6eb1ed06fb87,require(msg.sender==Owner);,https://github.com/ASSERT-KTH/RepairComp/blob/main/results/smartbugs/sGuardPlus/unchecked_low_level_calls/0xe82f0742a71a02b9e9ffc142fdcb6eb1ed06fb87/0xe82f0742a71a02b9e9ffc142fdcb6eb1ed06fb87.diff
sGuardPlus,unchecked_low_level_calls,0x958a8f594101d2c0485a52319f29b2647f2ebc06,require(msg.sender==owner);,https://github.com/ASSERT-KTH/RepairComp/blob/main/results/smartbugs/sGuardPlus/unchecked_low_level_calls/0x958a8f594101d2c0485a52319f29b2647f2ebc06/0x958a8f594101d2c0485a52319f29b2647f2ebc06.diff
sGuardPlus,unchecked_low_level_calls,0xe4eabdca81e31d9acbc4af76b30f532b6ed7f3bf,require(msg.sender==Owner);,https://github.com/ASSERT-KTH/RepairComp/blob/main/results/smartbugs/sGuardPlus/unchecked_low_level_calls/0xe4eabdca81e31d9acbc4af76b30f532b6ed7f3bf/0xe4eabdca81e31d9acbc4af76b30f532b6ed7f3bf.diff
sGuardPlus,unchecked_low_level_calls,0xb7c5c5aa4d42967efe906e1b66cb8df9cebf04f7,require(!__lock_modifier0_lock);,https://github.com/ASSERT-KTH/RepairComp/blob/main/results/smartbugs/sGuardPlus/unchecked_low_level_calls/0xb7c5c5aa4d42967efe906e1b66cb8df9cebf04f7/0xb7c5c5aa4d42967efe906e1b66cb8df9cebf04f7.diff
sGuardPlus,unchecked_low_level_calls,0xf29ebe930a539a60279ace72c707cba851a57707,require(__sent_result100);,https://github.com/ASSERT-KTH/RepairComp/blob/main/results/smartbugs/sGuardPlus/unchecked_low_level_calls/0xf29ebe930a539a60279ace72c707cba851a57707/0xf29ebe930a539a60279ace72c707cba851a57707.diff
sGuardPlus,unchecked_low_level_calls,0x84d9ec85c9c568eb332b7226a8f826d897e0a4a8,require(msg.sender==owner);,https://github.com/ASSERT-KTH/RepairComp/blob/main/results/smartbugs/sGuardPlus/unchecked_low_level_calls/0x84d9ec85c9c568eb332b7226a8f826d897e0a4a8/0x84d9ec85c9c568eb332b7226a8f826d897e0a4a8.diff
sGuardPlus,unchecked_low_level_calls,0x3f2ef511aa6e75231e4deafc7a3d2ecab3741de2,require(msg.sender==Owner);,https://github.com/ASSERT-KTH/RepairComp/blob/main/results/smartbugs/sGuardPlus/unchecked_low_level_calls/0x3f2ef511aa6e75231e4deafc7a3d2ecab3741de2/0x3f2ef511aa6e75231e4deafc7a3d2ecab3741de2.diff
sGuardPlus,unchecked_low_level_calls,0x0cbe050f75bc8f8c2d6c0d249fea125fd6e1acc9,require(__sent_result100);,https://github.com/ASSERT-KTH/RepairComp/blob/main/results/smartbugs/sGuardPlus/unchecked_low_level_calls/0x0cbe050f75bc8f8c2d6c0d249fea125fd6e1acc9/0x0cbe050f75bc8f8c2d6c0d249fea125fd6e1acc9.diff
sGuardPlus,unchecked_low_level_calls,0x7a4349a749e59a5736efb7826ee3496a2dfd5489,require(msg.sender==Owner);,https://github.com/ASSERT-KTH/RepairComp/blob/main/results/smartbugs/sGuardPlus/unchecked_low_level_calls/0x7a4349a749e59a5736efb7826ee3496a2dfd5489/0x7a4349a749e59a5736efb7826ee3496a2dfd5489.diff
sGuardPlus,unchecked_low_level_calls,0xd2018bfaa266a9ec0a1a84b061640faa009def76,require(msg.sender==Owner);,https://github.com/ASSERT-KTH/RepairComp/blob/main/results/smartbugs/sGuardPlus/unchecked_low_level_calls/0xd2018bfaa266a9ec0a1a84b061640faa009def76/0xd2018bfaa266a9ec0a1a84b061640faa009def76.diff
sGuardPlus,unchecked_low_level_calls,lotto,require( ! payedOut);,https://github.com/ASSERT-KTH/RepairComp/blob/main/results/smartbugs/sGuardPlus/unchecked_low_level_calls/lotto/lotto.diff
sGuardPlus,unchecked_low_level_calls,0xb11b2fed6c9354f7aa2f658d3b4d7b31d8a13b77,require(__sent_result100);,https://github.com/ASSERT-KTH/RepairComp/blob/main/results/smartbugs/sGuardPlus/unchecked_low_level_calls/0xb11b2fed6c9354f7aa2f658d3b4d7b31d8a13b77/0xb11b2fed6c9354f7aa2f658d3b4d7b31d8a13b77.diff
sGuardPlus,unchecked_low_level_calls,0xec329ffc97d75fe03428ae155fc7793431487f63,require(__sent_result100);,https://github.com/ASSERT-KTH/RepairComp/blob/main/results/smartbugs/sGuardPlus/unchecked_low_level_calls/0xec329ffc97d75fe03428ae155fc7793431487f63/0xec329ffc97d75fe03428ae155fc7793431487f63.diff
sGuardPlus,unchecked_low_level_calls,0x5aa88d2901c68fda244f1d0584400368d2c8e739,require(msg.sender==Owner);,https://github.com/ASSERT-KTH/RepairComp/blob/main/results/smartbugs/sGuardPlus/unchecked_low_level_calls/0x5aa88d2901c68fda244f1d0584400368d2c8e739/0x5aa88d2901c68fda244f1d0584400368d2c8e739.diff
sGuardPlus,unchecked_low_level_calls,0xb0510d68f210b7db66e8c7c814f22680f2b8d1d6,require(msg.sender==owner);,https://github.com/ASSERT-KTH/RepairComp/blob/main/results/smartbugs/sGuardPlus/unchecked_low_level_calls/0xb0510d68f210b7db66e8c7c814f22680f2b8d1d6/0xb0510d68f210b7db66e8c7c814f22680f2b8d1d6.diff
sGuardPlus,unchecked_low_level_calls,0xf70d589d76eebdd7c12cc5eec99f8f6fa4233b9e,require(msg.sender==Owner);,https://github.com/ASSERT-KTH/RepairComp/blob/main/results/smartbugs/sGuardPlus/unchecked_low_level_calls/0xf70d589d76eebdd7c12cc5eec99f8f6fa4233b9e/0xf70d589d76eebdd7c12cc5eec99f8f6fa4233b9e.diff
sGuardPlus,unchecked_low_level_calls,0x70f9eddb3931491aab1aeafbc1e7f1ca2a012db4,require(msg.sender==Owner);,https://github.com/ASSERT-KTH/RepairComp/blob/main/results/smartbugs/sGuardPlus/unchecked_low_level_calls/0x70f9eddb3931491aab1aeafbc1e7f1ca2a012db4/0x70f9eddb3931491aab1aeafbc1e7f1ca2a012db4.diff
sGuardPlus,unchecked_low_level_calls,0x52d2e0f9b01101a59b38a3d05c80b7618aeed984,require(__sent_result100);,https://github.com/ASSERT-KTH/RepairComp/blob/main/results/smartbugs/sGuardPlus/unchecked_low_level_calls/0x52d2e0f9b01101a59b38a3d05c80b7618aeed984/0x52d2e0f9b01101a59b38a3d05c80b7618aeed984.diff
sGuardPlus,unchecked_low_level_calls,0xb37f18af15bafb869a065b61fc83cfc44ed9cc27,require(msg.sender==owner);,https://github.com/ASSERT-KTH/RepairComp/blob/main/results/smartbugs/sGuardPlus/unchecked_low_level_calls/0xb37f18af15bafb869a065b61fc83cfc44ed9cc27/0xb37f18af15bafb869a065b61fc83cfc44ed9cc27.diff
sGuardPlus,denial_of_service,list_dos,require(__sent_result107);,https://github.com/ASSERT-KTH/RepairComp/blob/main/results/smartbugs/sGuardPlus/denial_of_service/list_dos/list_dos.diff
sGuardPlus,front_running,odds_and_evens,require(__sent_result102);,https://github.com/ASSERT-KTH/RepairComp/blob/main/results/smartbugs/sGuardPlus/front_running/odds_and_evens/odds_and_evens.diff
sGuardPlus,access_control,rubixi,require(__sent_result101);,https://github.com/ASSERT-KTH/RepairComp/blob/main/results/smartbugs/sGuardPlus/access_control/rubixi/rubixi.diff
sGuardPlus,access_control,wallet_04_confused_sign,require(amount>=balances[msg.sender]);,https://github.com/ASSERT-KTH/RepairComp/blob/main/results/smartbugs/sGuardPlus/access_control/wallet_04_confused_sign/wallet_04_confused_sign.diff
sGuardPlus,access_control,wallet_02_refund_nosub,require(amount<=balances[msg.sender]);,https://github.com/ASSERT-KTH/RepairComp/blob/main/results/smartbugs/sGuardPlus/access_control/wallet_02_refund_nosub/wallet_02_refund_nosub.diff
sGuardPlus,access_control,mapping_write,require(msg.sender==owner);,https://github.com/ASSERT-KTH/RepairComp/blob/main/results/smartbugs/sGuardPlus/access_control/mapping_write/mapping_write.diff
sGuardPlus,access_control,simple_suicide,require(msg.sender == __owner);,https://github.com/ASSERT-KTH/RepairComp/blob/main/results/smartbugs/sGuardPlus/access_control/simple_suicide/simple_suicide.diff
sGuardPlus,access_control,wallet_03_wrong_constructor,require(amount<=balances[msg.sender]);,https://github.com/ASSERT-KTH/RepairComp/blob/main/results/smartbugs/sGuardPlus/access_control/wallet_03_wrong_constructor/wallet_03_wrong_constructor.diff
sGuardPlus,access_control,phishable,require(msg.sender==owner);,https://github.com/ASSERT-KTH/RepairComp/blob/main/results/smartbugs/sGuardPlus/access_control/phishable/phishable.diff
sGuardPlus,access_control,mycontract,require(msg.sender==owner);,https://github.com/ASSERT-KTH/RepairComp/blob/main/results/smartbugs/sGuardPlus/access_control/mycontract/mycontract.diff
sGuardPlus,arithmetic,token,"require(sub_uint(balances[msg.sender], _value)>=0);",https://github.com/ASSERT-KTH/RepairComp/blob/main/results/smartbugs/sGuardPlus/arithmetic/token/token.diff
sGuardPlus,arithmetic,timelock,require(balances[msg.sender]>0);,https://github.com/ASSERT-KTH/RepairComp/blob/main/results/smartbugs/sGuardPlus/arithmetic/timelock/timelock.diff
sGuardPlus,arithmetic,insecure_transfer,require(balanceOf[msg.sender]>=_value);,https://github.com/ASSERT-KTH/RepairComp/blob/main/results/smartbugs/sGuardPlus/arithmetic/insecure_transfer/insecure_transfer.diff
sGuardPlus,arithmetic,tokensalechallenge,require(msg.value==1 ether);,https://github.com/ASSERT-KTH/RepairComp/blob/main/results/smartbugs/sGuardPlus/arithmetic/tokensalechallenge/tokensalechallenge.diff
sGuardPlus,time_manipulation,governmental_survey,require(__sent_result100);,https://github.com/ASSERT-KTH/RepairComp/blob/main/results/smartbugs/sGuardPlus/time_manipulation/governmental_survey/governmental_survey.diff
sGuardPlus,time_manipulation,lottopollo,require(__sent_result102);,https://github.com/ASSERT-KTH/RepairComp/blob/main/results/smartbugs/sGuardPlus/time_manipulation/lottopollo/lottopollo.diff
SmartFix,bad_randomness,smart_billions,require((block.number >= hashFirst)); /* <FIX> Insert:BC */,https://github.com/ASSERT-KTH/RepairComp/blob/main/results/smartbugs/SmartFix/bad_randomness/smart_billions/smart_billions.diff
SmartFix,bad_randomness,etheraffle,require(((raffleId + 1) >= raffleId)); /* <FIX> Insert:BC */,https://github.com/ASSERT-KTH/RepairComp/blob/main/results/smartbugs/SmartFix/bad_randomness/etheraffle/etheraffle.diff
SmartFix,bad_randomness,old_blockhash,require(((block.number + 1) >= block.number)); /* <FIX> Insert:BC */,https://github.com/ASSERT-KTH/RepairComp/blob/main/results/smartbugs/SmartFix/bad_randomness/old_blockhash/old_blockhash.diff
SmartFix,bad_randomness,guess_the_random_number,require((block.number >= 1)); /* <FIX> Insert:BC */,https://github.com/ASSERT-KTH/RepairComp/blob/main/results/smartbugs/SmartFix/bad_randomness/guess_the_random_number/guess_the_random_number.diff
SmartFix,bad_randomness,lucky_doubler,require(((dValue == 0) || (((dValue * multiplier) / dValue) == multiplier))); /* <FIX> Insert:BC */,https://github.com/ASSERT-KTH/RepairComp/blob/main/results/smartbugs/SmartFix/bad_randomness/lucky_doubler/lucky_doubler.diff
SmartFix,reentrancy,0x93c32845fae42c83a70e5f06214c8433665c2ab5,require(((acc.balance + msg.value) >= acc.balance)); /* <FIX> Insert:BC */,https://github.com/ASSERT-KTH/RepairComp/blob/main/results/smartbugs/SmartFix/reentrancy/0x93c32845fae42c83a70e5f06214c8433665c2ab5/0x93c32845fae42c83a70e5f06214c8433665c2ab5.diff
SmartFix,reentrancy,reentrance,require(((balances[_to] + msg.value) >= balances[_to])); /* <FIX> Insert:BC */,https://github.com/ASSERT-KTH/RepairComp/blob/main/results/smartbugs/SmartFix/reentrancy/reentrance/reentrance.diff
SmartFix,reentrancy,reentrancy_bonus,require(!_locked);,https://github.com/ASSERT-KTH/RepairComp/blob/main/results/smartbugs/SmartFix/reentrancy/reentrancy_bonus/reentrancy_bonus.diff
SmartFix,reentrancy,reentrancy_dao,require(((balance + msg.value) >= balance)); /* <FIX> Insert:BC */,https://github.com/ASSERT-KTH/RepairComp/blob/main/results/smartbugs/SmartFix/reentrancy/reentrancy_dao/reentrancy_dao.diff
SmartFix,reentrancy,0x01f8c4e3fa3edeb29e514cba738d87ce8c091d3f,require(((balances[msg.sender] + msg.value) >= balances[msg.sender])); /* <FIX> Insert:BC */,https://github.com/ASSERT-KTH/RepairComp/blob/main/results/smartbugs/SmartFix/reentrancy/0x01f8c4e3fa3edeb29e514cba738d87ce8c091d3f/0x01f8c4e3fa3edeb29e514cba738d87ce8c091d3f.diff
SmartFix,reentrancy,0x96edbe868531bd23a6c05e9d0c424ea64fb1b78b,require(((acc.balance + msg.value) >= acc.balance)); /* <FIX> Insert:BC */,https://github.com/ASSERT-KTH/RepairComp/blob/main/results/smartbugs/SmartFix/reentrancy/0x96edbe868531bd23a6c05e9d0c424ea64fb1b78b/0x96edbe868531bd23a6c05e9d0c424ea64fb1b78b.diff
SmartFix,reentrancy,0xbe4041d55db380c5ae9d4a9b9703f1ed4e7e3888,require(((acc.balance + msg.value) >= acc.balance)); /* <FIX> Insert:BC */,https://github.com/ASSERT-KTH/RepairComp/blob/main/results/smartbugs/SmartFix/reentrancy/0xbe4041d55db380c5ae9d4a9b9703f1ed4e7e3888/0xbe4041d55db380c5ae9d4a9b9703f1ed4e7e3888.diff
SmartFix,reentrancy,0x4320e6f8c05b27ab4707cd1f6d5ce6f3e4b3a5a1,require(((balances[msg.sender] + msg.value) >= balances[msg.sender])); /* <FIX> Insert:BC */,https://github.com/ASSERT-KTH/RepairComp/blob/main/results/smartbugs/SmartFix/reentrancy/0x4320e6f8c05b27ab4707cd1f6d5ce6f3e4b3a5a1/0x4320e6f8c05b27ab4707cd1f6d5ce6f3e4b3a5a1.diff
SmartFix,reentrancy,simple_dao,require(((credit[to] + msg.value) >= credit[to])); /* <FIX> Insert:BC */,https://github.com/ASSERT-KTH/RepairComp/blob/main/results/smartbugs/SmartFix/reentrancy/simple_dao/simple_dao.diff
SmartFix,reentrancy,0x561eac93c92360949ab1f1403323e6db345cbf31,require(((balances[msg.sender] + msg.value) >= balances[msg.sender])); /* <FIX> Insert:BC */,https://github.com/ASSERT-KTH/RepairComp/blob/main/results/smartbugs/SmartFix/reentrancy/0x561eac93c92360949ab1f1403323e6db345cbf31/0x561eac93c92360949ab1f1403323e6db345cbf31.diff
SmartFix,reentrancy,etherstore,require(((balances[msg.sender] + msg.value) >= balances[msg.sender])); /* <FIX> Insert:BC */,https://github.com/ASSERT-KTH/RepairComp/blob/main/results/smartbugs/SmartFix/reentrancy/etherstore/etherstore.diff
SmartFix,reentrancy,0x7541b76cb60f4c60af330c208b0623b7f54bf615,require(((acc.balance + msg.value) >= acc.balance)); /* <FIX> Insert:BC */,https://github.com/ASSERT-KTH/RepairComp/blob/main/results/smartbugs/SmartFix/reentrancy/0x7541b76cb60f4c60af330c208b0623b7f54bf615/0x7541b76cb60f4c60af330c208b0623b7f54bf615.diff
SmartFix,reentrancy,reentrancy_simple,require(((userBalance[msg.sender] + msg.value) >= userBalance[msg.sender])); /* <FIX> Insert:BC */,https://github.com/ASSERT-KTH/RepairComp/blob/main/results/smartbugs/SmartFix/reentrancy/reentrancy_simple/reentrancy_simple.diff
SmartFix,reentrancy,0x941d225236464a25eb18076df7da6a91d0f95e9e,require(((balances[msg.sender] + msg.value) >= balances[msg.sender])); /* <FIX> Insert:BC */,https://github.com/ASSERT-KTH/RepairComp/blob/main/results/smartbugs/SmartFix/reentrancy/0x941d225236464a25eb18076df7da6a91d0f95e9e/0x941d225236464a25eb18076df7da6a91d0f95e9e.diff
SmartFix,reentrancy,0xb93430ce38ac4a6bb47fb1fc085ea669353fd89e,require(((balances[msg.sender] + msg.value) >= balances[msg.sender])); /* <FIX> Insert:BC */,https://github.com/ASSERT-KTH/RepairComp/blob/main/results/smartbugs/SmartFix/reentrancy/0xb93430ce38ac4a6bb47fb1fc085ea669353fd89e/0xb93430ce38ac4a6bb47fb1fc085ea669353fd89e.diff
SmartFix,reentrancy,0xbaf51e761510c1a11bf48dd87c0307ac8a8c8a4f,require(((balances[msg.sender] + msg.value) >= balances[msg.sender])); /* <FIX> Insert:BC */,https://github.com/ASSERT-KTH/RepairComp/blob/main/results/smartbugs/SmartFix/reentrancy/0xbaf51e761510c1a11bf48dd87c0307ac8a8c8a4f/0xbaf51e761510c1a11bf48dd87c0307ac8a8c8a4f.diff
SmartFix,reentrancy,0x627fa62ccbb1c1b04ffaecd72a53e37fc0e17839,require(((Holders[msg.sender] + msg.value) >= Holders[msg.sender])); /* <FIX> Insert:BC */,https://github.com/ASSERT-KTH/RepairComp/blob/main/results/smartbugs/SmartFix/reentrancy/0x627fa62ccbb1c1b04ffaecd72a53e37fc0e17839/0x627fa62ccbb1c1b04ffaecd72a53e37fc0e17839.diff
SmartFix,reentrancy,0xaae1f51cf3339f18b6d3f3bdc75a5facd744b0b8,require(((balances[msg.sender] + msg.value) >= balances[msg.sender])); /* <FIX> Insert:BC */,https://github.com/ASSERT-KTH/RepairComp/blob/main/results/smartbugs/SmartFix/reentrancy/0xaae1f51cf3339f18b6d3f3bdc75a5facd744b0b8/0xaae1f51cf3339f18b6d3f3bdc75a5facd744b0b8.diff
SmartFix,reentrancy,0xcead721ef5b11f1a7b530171aab69b16c5e66b6e,require(((acc.balance + msg.value) >= acc.balance)); /* <FIX> Insert:BC */,https://github.com/ASSERT-KTH/RepairComp/blob/main/results/smartbugs/SmartFix/reentrancy/0xcead721ef5b11f1a7b530171aab69b16c5e66b6e/0xcead721ef5b11f1a7b530171aab69b16c5e66b6e.diff
SmartFix,reentrancy,0x7b368c4e805c3870b6c49a3f1f49f69af8662cf3,require(((acc.balance + msg.value) >= acc.balance)); /* <FIX> Insert:BC */,https://github.com/ASSERT-KTH/RepairComp/blob/main/results/smartbugs/SmartFix/reentrancy/0x7b368c4e805c3870b6c49a3f1f49f69af8662cf3/0x7b368c4e805c3870b6c49a3f1f49f69af8662cf3.diff
SmartFix,reentrancy,0x23a91059fdc9579a9fbd0edc5f2ea0bfdb70deb4,require(((balances[msg.sender] + msg.value) >= balances[msg.sender])); /* <FIX> Insert:BC */,https://github.com/ASSERT-KTH/RepairComp/blob/main/results/smartbugs/SmartFix/reentrancy/0x23a91059fdc9579a9fbd0edc5f2ea0bfdb70deb4/0x23a91059fdc9579a9fbd0edc5f2ea0bfdb70deb4.diff
SmartFix,reentrancy,0x7a8721a9d64c74da899424c1b52acbf58ddc9782,"require(msg.sender == owner); /* <FIX> Replace: ""tx.origin"" => ""msg.sender"" */",https://github.com/ASSERT-KTH/RepairComp/blob/main/results/smartbugs/SmartFix/reentrancy/0x7a8721a9d64c74da899424c1b52acbf58ddc9782/0x7a8721a9d64c74da899424c1b52acbf58ddc9782.diff
SmartFix,reentrancy,0xf015c35649c82f5467c9c74b7f28ee67665aad68,require(((acc.balance + msg.value) >= acc.balance)); /* <FIX> Insert:BC */,https://github.com/ASSERT-KTH/RepairComp/blob/main/results/smartbugs/SmartFix/reentrancy/0xf015c35649c82f5467c9c74b7f28ee67665aad68/0xf015c35649c82f5467c9c74b7f28ee67665aad68.diff
SmartFix,reentrancy,etherbank,require(!_locked);,https://github.com/ASSERT-KTH/RepairComp/blob/main/results/smartbugs/SmartFix/reentrancy/etherbank/etherbank.diff
SmartFix,reentrancy,0xb5e1b1ee15c6fa0e48fce100125569d430f1bd12,require(((balances[msg.sender] + msg.value) >= balances[msg.sender])); /* <FIX> Insert:BC */,https://github.com/ASSERT-KTH/RepairComp/blob/main/results/smartbugs/SmartFix/reentrancy/0xb5e1b1ee15c6fa0e48fce100125569d430f1bd12/0xb5e1b1ee15c6fa0e48fce100125569d430f1bd12.diff
SmartFix,reentrancy,0x8c7777c45481dba411450c228cb692ac3d550344,require(((balances[msg.sender] + msg.value) >= balances[msg.sender])); /* <FIX> Insert:BC */,https://github.com/ASSERT-KTH/RepairComp/blob/main/results/smartbugs/SmartFix/reentrancy/0x8c7777c45481dba411450c228cb692ac3d550344/0x8c7777c45481dba411450c228cb692ac3d550344.diff
SmartFix,reentrancy,modifier_reentrancy,require(!_locked);,https://github.com/ASSERT-KTH/RepairComp/blob/main/results/smartbugs/SmartFix/reentrancy/modifier_reentrancy/modifier_reentrancy.diff
SmartFix,reentrancy,0x4e73b32ed6c35f570686b89848e5f39f20ecc106,require(((balances[msg.sender] + msg.value) >= balances[msg.sender])); /* <FIX> Insert:BC */,https://github.com/ASSERT-KTH/RepairComp/blob/main/results/smartbugs/SmartFix/reentrancy/0x4e73b32ed6c35f570686b89848e5f39f20ecc106/0x4e73b32ed6c35f570686b89848e5f39f20ecc106.diff
SmartFix,unchecked_low_level_calls,0x3e013fc32a54c4c5b6991ba539dcd0ec4355c859,require(((this.balance + msg.value) >= this.balance)); /* <FIX> Insert:BC */,https://github.com/ASSERT-KTH/RepairComp/blob/main/results/smartbugs/SmartFix/unchecked_low_level_calls/0x3e013fc32a54c4c5b6991ba539dcd0ec4355c859/0x3e013fc32a54c4c5b6991ba539dcd0ec4355c859.diff
SmartFix,unchecked_low_level_calls,king_of_the_ether_throne,require(((valuePaid == 0) || (((valuePaid * wizardCommissionFractionNum) / valuePaid) == wizardCommissionFractionNum))); /* <FIX> Insert:BC */,https://github.com/ASSERT-KTH/RepairComp/blob/main/results/smartbugs/SmartFix/unchecked_low_level_calls/king_of_the_ether_throne/king_of_the_ether_throne.diff
SmartFix,unchecked_low_level_calls,0x9d06cbafa865037a01d322d3f4222fa3e04e5488,require(((msg.value == 0) || (((msg.value * (10 ** 18)) / msg.value) == (10 ** 18)))); /* <FIX> Insert:BC */,https://github.com/ASSERT-KTH/RepairComp/blob/main/results/smartbugs/SmartFix/unchecked_low_level_calls/0x9d06cbafa865037a01d322d3f4222fa3e04e5488/0x9d06cbafa865037a01d322d3f4222fa3e04e5488.diff
SmartFix,unchecked_low_level_calls,0x610495793564aed0f9c7fc48dc4c7c9151d34fd6,require(((depositsCount + 1) >= depositsCount)); /* <FIX> Insert:BC */,https://github.com/ASSERT-KTH/RepairComp/blob/main/results/smartbugs/SmartFix/unchecked_low_level_calls/0x610495793564aed0f9c7fc48dc4c7c9151d34fd6/0x610495793564aed0f9c7fc48dc4c7c9151d34fd6.diff
SmartFix,unchecked_low_level_calls,etherpot_lotto,require(((ticketIndex + rounds[roundIndex].ticketsCountByBuyer[buyer]) >= ticketIndex)); /* <FIX> Insert:BC */,https://github.com/ASSERT-KTH/RepairComp/blob/main/results/smartbugs/SmartFix/unchecked_low_level_calls/etherpot_lotto/etherpot_lotto.diff
SmartFix,unchecked_low_level_calls,0xb620cee6b52f96f3c6b253e6eea556aa2d214a99,require((block.number >= 1)); /* <FIX> Insert:BC */,https://github.com/ASSERT-KTH/RepairComp/blob/main/results/smartbugs/SmartFix/unchecked_low_level_calls/0xb620cee6b52f96f3c6b253e6eea556aa2d214a99/0xb620cee6b52f96f3c6b253e6eea556aa2d214a99.diff
SmartFix,unchecked_low_level_calls,0x19cf8481ea15427a98ba3cdd6d9e14690011ab10,require((Chain2 == msg.sender)); /* <FIX> Insert */,https://github.com/ASSERT-KTH/RepairComp/blob/main/results/smartbugs/SmartFix/unchecked_low_level_calls/0x19cf8481ea15427a98ba3cdd6d9e14690011ab10/0x19cf8481ea15427a98ba3cdd6d9e14690011ab10.diff
SmartFix,unchecked_low_level_calls,0x663e4229142a27f00bafb5d087e1e730648314c3,require((cooldownIndex >= 1)); /* <FIX> Insert:BC */,https://github.com/ASSERT-KTH/RepairComp/blob/main/results/smartbugs/SmartFix/unchecked_low_level_calls/0x663e4229142a27f00bafb5d087e1e730648314c3/0x663e4229142a27f00bafb5d087e1e730648314c3.diff
SmartFix,unchecked_low_level_calls,0xb7c5c5aa4d42967efe906e1b66cb8df9cebf04f7,require(((balances[msg.sender] + msg.value) >= balances[msg.sender])); /* <FIX> Insert:BC */,https://github.com/ASSERT-KTH/RepairComp/blob/main/results/smartbugs/SmartFix/unchecked_low_level_calls/0xb7c5c5aa4d42967efe906e1b66cb8df9cebf04f7/0xb7c5c5aa4d42967efe906e1b66cb8df9cebf04f7.diff
SmartFix,unchecked_low_level_calls,0x7d09edb07d23acb532a82be3da5c17d9d85806b4,require(((totalDonated + amount) >= totalDonated)); /* <FIX> Insert:BC */,https://github.com/ASSERT-KTH/RepairComp/blob/main/results/smartbugs/SmartFix/unchecked_low_level_calls/0x7d09edb07d23acb532a82be3da5c17d9d85806b4/0x7d09edb07d23acb532a82be3da5c17d9d85806b4.diff
SmartFix,unchecked_low_level_calls,0x07f7ecb66d788ab01dc93b9b71a88401de7d0f2e,require(((totalDonated + amount) >= totalDonated)); /* <FIX> Insert:BC */,https://github.com/ASSERT-KTH/RepairComp/blob/main/results/smartbugs/SmartFix/unchecked_low_level_calls/0x07f7ecb66d788ab01dc93b9b71a88401de7d0f2e/0x07f7ecb66d788ab01dc93b9b71a88401de7d0f2e.diff
SmartFix,unchecked_low_level_calls,0x627fa62ccbb1c1b04ffaecd72a53e37fc0e17839,require(((Holders[msg.sender] + msg.value) >= Holders[msg.sender])); /* <FIX> Insert:BC */,https://github.com/ASSERT-KTH/RepairComp/blob/main/results/smartbugs/SmartFix/unchecked_low_level_calls/0x627fa62ccbb1c1b04ffaecd72a53e37fc0e17839/0x627fa62ccbb1c1b04ffaecd72a53e37fc0e17839.diff
SmartFix,unchecked_low_level_calls,0x4a66ad0bca2d700f11e1f2fc2c106f7d3264504c,require(((v[i] == 0) || (((v[i] * 1000000000000000000) / v[i]) == 1000000000000000000))); /* <FIX> Insert:BC */,https://github.com/ASSERT-KTH/RepairComp/blob/main/results/smartbugs/SmartFix/unchecked_low_level_calls/0x4a66ad0bca2d700f11e1f2fc2c106f7d3264504c/0x4a66ad0bca2d700f11e1f2fc2c106f7d3264504c.diff
SmartFix,unchecked_low_level_calls,lotto,require((winner == msg.sender)); /* <FIX> Insert */,https://github.com/ASSERT-KTH/RepairComp/blob/main/results/smartbugs/SmartFix/unchecked_low_level_calls/lotto/lotto.diff
SmartFix,unchecked_low_level_calls,0x5aa88d2901c68fda244f1d0584400368d2c8e739,require(((this.balance + msg.value) >= this.balance)); /* <FIX> Insert:BC */,https://github.com/ASSERT-KTH/RepairComp/blob/main/results/smartbugs/SmartFix/unchecked_low_level_calls/0x5aa88d2901c68fda244f1d0584400368d2c8e739/0x5aa88d2901c68fda244f1d0584400368d2c8e739.diff
SmartFix,unchecked_low_level_calls,0xb37f18af15bafb869a065b61fc83cfc44ed9cc27,require(((depositsCount + 1) >= depositsCount)); /* <FIX> Insert:BC */,https://github.com/ASSERT-KTH/RepairComp/blob/main/results/smartbugs/SmartFix/unchecked_low_level_calls/0xb37f18af15bafb869a065b61fc83cfc44ed9cc27/0xb37f18af15bafb869a065b61fc83cfc44ed9cc27.diff
SmartFix,unchecked_low_level_calls,0xe09b1ab8111c2729a76f16de96bc86a7af837928,require(((amount == 0) || (((amount * DEV_FEE) / amount) == DEV_FEE))); /* <FIX> Insert:BC */,https://github.com/ASSERT-KTH/RepairComp/blob/main/results/smartbugs/SmartFix/unchecked_low_level_calls/0xe09b1ab8111c2729a76f16de96bc86a7af837928/0xe09b1ab8111c2729a76f16de96bc86a7af837928.diff
SmartFix,other,open_address_lottery,require(((msg.value == 0) || (((msg.value * 7) / msg.value) == 7))); /* <FIX> Insert:BC */,https://github.com/ASSERT-KTH/RepairComp/blob/main/results/smartbugs/SmartFix/other/open_address_lottery/open_address_lottery.diff
SmartFix,other,crypto_roulette,require((block.number >= 1)); /* <FIX> Insert:BC */,https://github.com/ASSERT-KTH/RepairComp/blob/main/results/smartbugs/SmartFix/other/crypto_roulette/crypto_roulette.diff
SmartFix,denial_of_service,list_dos,require(((lastTimeOfNewCredit + TWELVE_HOURS) >= lastTimeOfNewCredit)); /* <FIX> Insert:BC */,https://github.com/ASSERT-KTH/RepairComp/blob/main/results/smartbugs/SmartFix/denial_of_service/list_dos/list_dos.diff
SmartFix,front_running,eth_tx_order_dependence_minimal,require((owner == msg.sender)); /* <FIX> Insert */,https://github.com/ASSERT-KTH/RepairComp/blob/main/results/smartbugs/SmartFix/front_running/eth_tx_order_dependence_minimal/eth_tx_order_dependence_minimal.diff
SmartFix,front_running,FindThisHash,require((smartfix_owner == msg.sender)); /* <FIX> Insert */,https://github.com/ASSERT-KTH/RepairComp/blob/main/results/smartbugs/SmartFix/front_running/FindThisHash/FindThisHash.diff
SmartFix,front_running,odds_and_evens,require(((tot + 1) >= tot)); /* <FIX> Insert:BC */,https://github.com/ASSERT-KTH/RepairComp/blob/main/results/smartbugs/SmartFix/front_running/odds_and_evens/odds_and_evens.diff
SmartFix,access_control,rubixi,require(((collectedFees + msg.value) >= collectedFees)); /* <FIX> Insert:BC */,https://github.com/ASSERT-KTH/RepairComp/blob/main/results/smartbugs/SmartFix/access_control/rubixi/rubixi.diff
SmartFix,access_control,wallet_04_confused_sign,"require((amount <= balances[msg.sender])); /* <FIX> Replace: ""(amount >= balances[msg.sender])"" => ""(amount <= balances[msg.sender])"" */",https://github.com/ASSERT-KTH/RepairComp/blob/main/results/smartbugs/SmartFix/access_control/wallet_04_confused_sign/wallet_04_confused_sign.diff
SmartFix,access_control,arbitrary_location_write_simple,require((bonusCodes.length >= 1)); /* <FIX> Insert:BC */,https://github.com/ASSERT-KTH/RepairComp/blob/main/results/smartbugs/SmartFix/access_control/arbitrary_location_write_simple/arbitrary_location_write_simple.diff
SmartFix,access_control,simple_suicide,require((smartfix_owner == msg.sender)); /* <FIX> Insert */,https://github.com/ASSERT-KTH/RepairComp/blob/main/results/smartbugs/SmartFix/access_control/simple_suicide/simple_suicide.diff
SmartFix,access_control,FibonacciBalance,require(((withdrawalCounter + 1) >= withdrawalCounter)); /* <FIX> Insert:BC */,https://github.com/ASSERT-KTH/RepairComp/blob/main/results/smartbugs/SmartFix/access_control/FibonacciBalance/FibonacciBalance.diff
SmartFix,access_control,phishable,"require(msg.sender == owner); /* <FIX> Replace: ""tx.origin"" => ""msg.sender"" */",https://github.com/ASSERT-KTH/RepairComp/blob/main/results/smartbugs/SmartFix/access_control/phishable/phishable.diff
SmartFix,access_control,mycontract,"require(msg.sender == owner); /* <FIX> Replace: ""tx.origin"" => ""msg.sender"" */",https://github.com/ASSERT-KTH/RepairComp/blob/main/results/smartbugs/SmartFix/access_control/mycontract/mycontract.diff
SmartFix,access_control,parity_wallet_bug_2,require(((_owners.length + 1) >= _owners.length)); /* <FIX> Insert:BC */,https://github.com/ASSERT-KTH/RepairComp/blob/main/results/smartbugs/SmartFix/access_control/parity_wallet_bug_2/parity_wallet_bug_2.diff
SmartFix,arithmetic,token,require((balances[msg.sender] >= _value)); /* <FIX> Insert:BC */,https://github.com/ASSERT-KTH/RepairComp/blob/main/results/smartbugs/SmartFix/arithmetic/token/token.diff
SmartFix,arithmetic,timelock,require(((balances[msg.sender] + msg.value) >= balances[msg.sender])); /* <FIX> Insert:BC */,https://github.com/ASSERT-KTH/RepairComp/blob/main/results/smartbugs/SmartFix/arithmetic/timelock/timelock.diff
SmartFix,arithmetic,integer_overflow_benign_1,require((count >= input)); /* <FIX> Insert:BC */,https://github.com/ASSERT-KTH/RepairComp/blob/main/results/smartbugs/SmartFix/arithmetic/integer_overflow_benign_1/integer_overflow_benign_1.diff
SmartFix,arithmetic,tokensalechallenge,require(((numTokens == 0) || (((numTokens * PRICE_PER_TOKEN) / numTokens) == PRICE_PER_TOKEN))); /* <FIX> Insert:BC */,https://github.com/ASSERT-KTH/RepairComp/blob/main/results/smartbugs/SmartFix/arithmetic/tokensalechallenge/tokensalechallenge.diff
SmartFix,arithmetic,integer_overflow_1,require(((sellerBalance + value) >= sellerBalance)); /* <FIX> Insert:BC */,https://github.com/ASSERT-KTH/RepairComp/blob/main/results/smartbugs/SmartFix/arithmetic/integer_overflow_1/integer_overflow_1.diff
SmartFix,arithmetic,overflow_single_tx,require(((count + input) >= count)); /* <FIX> Insert:BC */,https://github.com/ASSERT-KTH/RepairComp/blob/main/results/smartbugs/SmartFix/arithmetic/overflow_single_tx/overflow_single_tx.diff
SmartFix,arithmetic,integer_overflow_minimal,require((count >= input)); /* <FIX> Insert:BC */,https://github.com/ASSERT-KTH/RepairComp/blob/main/results/smartbugs/SmartFix/arithmetic/integer_overflow_minimal/integer_overflow_minimal.diff
SmartFix,arithmetic,overflow_simple_add,require(((balance + deposit) >= balance)); /* <FIX> Insert:BC */,https://github.com/ASSERT-KTH/RepairComp/blob/main/results/smartbugs/SmartFix/arithmetic/overflow_simple_add/overflow_simple_add.diff
SmartFix,arithmetic,integer_overflow_multitx_onefunc_feasible,require((count >= input)); /* <FIX> Insert:BC */,https://github.com/ASSERT-KTH/RepairComp/blob/main/results/smartbugs/SmartFix/arithmetic/integer_overflow_multitx_onefunc_feasible/integer_overflow_multitx_onefunc_feasible.diff
SmartFix,arithmetic,integer_overflow_multitx_multifunc_feasible,require((count >= input)); /* <FIX> Insert:BC */,https://github.com/ASSERT-KTH/RepairComp/blob/main/results/smartbugs/SmartFix/arithmetic/integer_overflow_multitx_multifunc_feasible/integer_overflow_multitx_multifunc_feasible.diff
SmartFix,arithmetic,integer_overflow_mapping_sym_1,require((map[k] >= v)); /* <FIX> Insert:BC */,https://github.com/ASSERT-KTH/RepairComp/blob/main/results/smartbugs/SmartFix/arithmetic/integer_overflow_mapping_sym_1/integer_overflow_mapping_sym_1.diff
SmartFix,arithmetic,BECToken,require(((uint256(cnt) == 0) || (((uint256(cnt) * _value) / uint256(cnt)) == _value))); /* <FIX> Insert:BC */,https://github.com/ASSERT-KTH/RepairComp/blob/main/results/smartbugs/SmartFix/arithmetic/BECToken/BECToken.diff
SmartFix,arithmetic,integer_overflow_add,require(((count + input) >= count)); /* <FIX> Insert:BC */,https://github.com/ASSERT-KTH/RepairComp/blob/main/results/smartbugs/SmartFix/arithmetic/integer_overflow_add/integer_overflow_add.diff
SmartFix,time_manipulation,ether_lotto,require(((pot + msg.value) >= pot)); /* <FIX> Insert:BC */,https://github.com/ASSERT-KTH/RepairComp/blob/main/results/smartbugs/SmartFix/time_manipulation/ether_lotto/ether_lotto.diff
SmartFix,time_manipulation,lottopollo,require((now >= rand)); /* <FIX> Insert:BC */,https://github.com/ASSERT-KTH/RepairComp/blob/main/results/smartbugs/SmartFix/time_manipulation/lottopollo/lottopollo.diff
SmartFix,time_manipulation,roulette,require((smartfix_owner == msg.sender)); /* <FIX> Insert */,https://github.com/ASSERT-KTH/RepairComp/blob/main/results/smartbugs/SmartFix/time_manipulation/roulette/roulette.diff
TIPS,bad_randomness,old_blockhash,require(msg.value == 1 ether);,https://github.com/ASSERT-KTH/RepairComp/blob/main/results/smartbugs/TIPS/bad_randomness/old_blockhash/old_blockhash.diff
TIPS,bad_randomness,guess_the_random_number,require(msg.value == 1 ether);,https://github.com/ASSERT-KTH/RepairComp/blob/main/results/smartbugs/TIPS/bad_randomness/guess_the_random_number/guess_the_random_number.diff
TIPS,other,name_registrar,require(unlocked);,https://github.com/ASSERT-KTH/RepairComp/blob/main/results/smartbugs/TIPS/other/name_registrar/name_registrar.diff
TIPS,other,open_address_lottery,require(winner[msg.sender] == false);,https://github.com/ASSERT-KTH/RepairComp/blob/main/results/smartbugs/TIPS/other/open_address_lottery/open_address_lottery.diff
TIPS,other,crypto_roulette,require(msg.value >= betPrice && number <= 10);,https://github.com/ASSERT-KTH/RepairComp/blob/main/results/smartbugs/TIPS/other/crypto_roulette/crypto_roulette.diff
TIPS,denial_of_service,auction,require(msg.value > currentBid);,https://github.com/ASSERT-KTH/RepairComp/blob/main/results/smartbugs/TIPS/denial_of_service/auction/auction.diff
TIPS,denial_of_service,send_loop,require(refundAddresses[x].send(refunds[refundAddresses[x]]));,https://github.com/ASSERT-KTH/RepairComp/blob/main/results/smartbugs/TIPS/denial_of_service/send_loop/send_loop.diff
TIPS,denial_of_service,dos_number,require(numElements > 1500);,https://github.com/ASSERT-KTH/RepairComp/blob/main/results/smartbugs/TIPS/denial_of_service/dos_number/dos_number.diff
TIPS,front_running,ERC20,require(c / a == b);,https://github.com/ASSERT-KTH/RepairComp/blob/main/results/smartbugs/TIPS/front_running/ERC20/ERC20.diff
TIPS,front_running,eth_tx_order_dependence_minimal,require(! claimed);,https://github.com/ASSERT-KTH/RepairComp/blob/main/results/smartbugs/TIPS/front_running/eth_tx_order_dependence_minimal/eth_tx_order_dependence_minimal.diff
TIPS,front_running,FindThisHash,require(hash == sha3(solution));,https://github.com/ASSERT-KTH/RepairComp/blob/main/results/smartbugs/TIPS/front_running/FindThisHash/FindThisHash.diff
TIPS,access_control,incorrect_constructor_name1,require(msg.sender == owner);,https://github.com/ASSERT-KTH/RepairComp/blob/main/results/smartbugs/TIPS/access_control/incorrect_constructor_name1/incorrect_constructor_name1.diff
TIPS,access_control,proxy,require(callee.delegatecall(_data));,https://github.com/ASSERT-KTH/RepairComp/blob/main/results/smartbugs/TIPS/access_control/proxy/proxy.diff
TIPS,access_control,wallet_04_confused_sign,require(amount >= balances[msg.sender]);,https://github.com/ASSERT-KTH/RepairComp/blob/main/results/smartbugs/TIPS/access_control/wallet_04_confused_sign/wallet_04_confused_sign.diff
TIPS,access_control,wallet_02_refund_nosub,require(amount <= balances[msg.sender]);,https://github.com/ASSERT-KTH/RepairComp/blob/main/results/smartbugs/TIPS/access_control/wallet_02_refund_nosub/wallet_02_refund_nosub.diff
TIPS,access_control,mapping_write,require(msg.sender == owner);,https://github.com/ASSERT-KTH/RepairComp/blob/main/results/smartbugs/TIPS/access_control/mapping_write/mapping_write.diff
TIPS,access_control,arbitrary_location_write_simple,require(0 <= bonusCodes.length);,https://github.com/ASSERT-KTH/RepairComp/blob/main/results/smartbugs/TIPS/access_control/arbitrary_location_write_simple/arbitrary_location_write_simple.diff
TIPS,access_control,unprotected0,require(msg.sender == owner);,https://github.com/ASSERT-KTH/RepairComp/blob/main/results/smartbugs/TIPS/access_control/unprotected0/unprotected0.diff
TIPS,access_control,FibonacciBalance,"require(fibonacciLibrary.delegatecall(fibSig, withdrawalCounter));",https://github.com/ASSERT-KTH/RepairComp/blob/main/results/smartbugs/TIPS/access_control/FibonacciBalance/FibonacciBalance.diff
TIPS,access_control,multiowned_vulnerable,require(owners[msg.sender] != 0);,https://github.com/ASSERT-KTH/RepairComp/blob/main/results/smartbugs/TIPS/access_control/multiowned_vulnerable/multiowned_vulnerable.diff
TIPS,access_control,incorrect_constructor_name2,require(msg.sender == owner);,https://github.com/ASSERT-KTH/RepairComp/blob/main/results/smartbugs/TIPS/access_control/incorrect_constructor_name2/incorrect_constructor_name2.diff
TIPS,access_control,wallet_03_wrong_constructor,require(amount <= balances[msg.sender]);,https://github.com/ASSERT-KTH/RepairComp/blob/main/results/smartbugs/TIPS/access_control/wallet_03_wrong_constructor/wallet_03_wrong_constructor.diff
TIPS,access_control,phishable,require(msg.sender == owner);,https://github.com/ASSERT-KTH/RepairComp/blob/main/results/smartbugs/TIPS/access_control/phishable/phishable.diff
TIPS,access_control,incorrect_constructor_name3,require(msg.sender == owner);,https://github.com/ASSERT-KTH/RepairComp/blob/main/results/smartbugs/TIPS/access_control/incorrect_constructor_name3/incorrect_constructor_name3.diff
TIPS,access_control,mycontract,require(msg.sender == owner);,https://github.com/ASSERT-KTH/RepairComp/blob/main/results/smartbugs/TIPS/access_control/mycontract/mycontract.diff
TIPS,arithmetic,token,require(balances[msg.sender] - _value >= 0);,https://github.com/ASSERT-KTH/RepairComp/blob/main/results/smartbugs/TIPS/arithmetic/token/token.diff
TIPS,arithmetic,timelock,require(balances[msg.sender] > 0);,https://github.com/ASSERT-KTH/RepairComp/blob/main/results/smartbugs/TIPS/arithmetic/timelock/timelock.diff
TIPS,arithmetic,insecure_transfer,require(balanceOf[msg.sender] >= _value);,https://github.com/ASSERT-KTH/RepairComp/blob/main/results/smartbugs/TIPS/arithmetic/insecure_transfer/insecure_transfer.diff
TIPS,arithmetic,tokensalechallenge,require(msg.value == 1 ether);,https://github.com/ASSERT-KTH/RepairComp/blob/main/results/smartbugs/TIPS/arithmetic/tokensalechallenge/tokensalechallenge.diff
TIPS,arithmetic,BECToken,require(a == 0 || c / a == b);,https://github.com/ASSERT-KTH/RepairComp/blob/main/results/smartbugs/TIPS/arithmetic/BECToken/BECToken.diff
TIPS,time_manipulation,roulette,require(msg.value == 10 ether);,https://github.com/ASSERT-KTH/RepairComp/blob/main/results/smartbugs/TIPS/time_manipulation/roulette/roulette.diff
